{
  "name": "チューブモジュール",
  "icon": "minecraft:book",
  "category": "pneumaticcraft:tubes",
  "advancement": "pneumaticcraft:pressure_tube",
  "priority": "true",
  "pages": [
    {
      "type": "text",
      "text": "$(thing)チューブモジュール/$は、$(l:tubes/pressure_tubes)圧力管/$の側面、またはチューブと$(thing)直列/$に取り付けることができる部品です。$(p)取り付けたモジュールは、$(l:tools/pneumatic_wrench)空気圧レンチ/$を使い、$(thing)スニーク＋右クリック/$で取り外すことができます。"
    },
    {
      "anchor": "inline",
      "type": "text",
      "title": "Inline Modules",
      "text": "$(thing)インラインモジュール/$は、少し特殊です。$(li)1本の圧力管に1つのインラインモジュールしか持つことができません。$(li)インライン・モジュールを持つ圧力管は、他のモジュールを持つことができません。$(li)インラインモジュール付き圧力管は、インラインモジュールの両端、つまり2つの側面にのみ接続することができます。$(li)インラインモジュールは、圧力管の開放端に$(italic)のみ/$配置することができます。"
    },
    {
      "type": "relations",
      "entries": [
        "pneumaticcraft:tubes/safety_module",
        "pneumaticcraft:tubes/pressure_gauge_module",
        "pneumaticcraft:tubes/flow_detector_module",
        "pneumaticcraft:tubes/air_grate_module",
        "pneumaticcraft:tubes/regulator_module",
        "pneumaticcraft:tubes/charging_module",
        "pneumaticcraft:tubes/logistics_module",
        "pneumaticcraft:tubes/redstone_module",
        "pneumaticcraft:tubes/vacuum_module"
      ]
    }
  ]
}
