{
  "name": "アマドロンタブレット",
  "icon": "pneumaticcraft:amadron_tablet",
  "category": "pneumaticcraft:tools",
  "advancement": "pneumaticcraft:plastic",
  "pages": [
    {
      "type": "text",
      "text": "$(item)アマドロンタブレット/$は、$(l:tools/drone)ドローン/$による配達のためにアイテムや液体を$(thing)注文する/$のに使用できるアイテムです。$(p)注文するためには、タブレットを$(thing)右クリック/$してインベントリや液体タンクを選択し、バインドする必要があります。このインベントリ/タンクは、支払いとしてアイテムを受け取ったり、注文したアイテムを受け取ったりするために使用されます。"
    },
    {
      "type": "text",
      "text": "タブレットのGUIは賢いので、バインドされたインベントリやタンクを見て、何が買えるかを判断します。$(ttcolor)$(t:Resources can be either items or fluids)資源/$を注文すると、$(thing)Drone/$がスポーンして支払い対象の資源を回収します。回収が完了すると、2機目の$(thing)Drone/$が到着し、購入したアイテムを届けてくれます。$(p)これは$(l:components/pcb_blueprint)PCB Blueprint/$や$(l:manufacturing/assembly_programs)Assembly Programs/$のような他の方法では手に入らないアイテムを入手する方法です。また、ランダムな$(thing)Villager Trades/$が追加されます。これらのTradeは毎日シャッフルされます。"
    },
    {
      "type": "text",
      "title": "Player-Player Trading",
      "text": "$(bold)カスタムプレイヤートレード/$ボタン（$(bold)カスタムトレード/$サイドタブ）をクリックすると、自分の資源を他のプレイヤーの資源と交換することができます。トレードGUIでは、左側で売りたい資源を、右側で買いたい資源を選択することができます。テキストフィールドで取引金額を設定することができます。"
    },
    {
      "type": "text",
      "text": "また、GUIで、どこから資源を提供するか、他のプレイヤーから支払いを受けるかを指定することができます。これには$(l:tools/gps_tool)GPSツール/$（適切な場所に設定されている）が必要です。$(p)ここでカスタムロケーションを指定しない場合、タブレットに保存されているデフォルトロケーション（通常のトレード用）が使用されます。"
    },
    {
      "type": "text",
      "text": "すべての設定が完了すると、$(bold)トレードを追加する/$ボタンがクリックできるようになります。この取引は、通常のオファーと同様に、他のプレイヤーの$(item)アマドロンタブレット/$に表示されます。$(p)重要な違いは、無制限の在庫がないことです。資源をインベントリ/タンクに追加する必要があります。$(thing)ドローン/$がこれらの資源を引き取りに来ます。引き取りが完了すると、在庫が増加します。カスタムオファーのストックレベルは$(item)Amadronタブレット/$GUIに表示されます。"
    },
    {
      "type": "text",
      "text": "他のプレイヤーは、在庫がある量までオファーを受け入れることができるようになりました。プレイヤーがオファーを受け入れると、あなたに通知が届き（オンラインであることが条件）、他のプレイヤーが支払った資源をあなたに届けるために$(thing)Drone/$が到着します。トレードが完了しました!"
    },
    {
      "type": "text",
      "text": "AmadronのGUIで、自分のトレードの上で$(thing)Shiftキーを押しながら/$$(#F00)x/$ボタンを押すと、そのトレードが削除され、Amadronはあなたの資源を提供したインベントリ/タンクに戻そうとします。$(p)$(bold)注意:/$アマドロンでは、返却に失敗して失われた資源について一切の責任を負いません!"
    },
    {
      "type": "crafting",
      "text": "Crafting a Amadron Tablet",
      "recipe": "pneumaticcraft:amadron_tablet"
    }
  ]
}