{
  "name": "空気圧式ジャックハンマー",
  "icon": "pneumaticcraft:jackhammer",
  "category": "pneumaticcraft:tools",
  "advancement": "pneumaticcraft:plastic",
  "pages": [
    {
      "type": "spotlight",
      "item": "pneumaticcraft:jackhammer",
      "text": "$(item)空気圧式ジャックハンマー/$は、$(l:base_concepts/pressure)圧力/$を利用してあらゆる種類のブロックを均等に破壊することができる、汎用性の高い採掘ツールです。採掘速度と空気量は、$(l:machines/charging_station)チャージングステーション/$でそれぞれ$(l:base_concepts/upgrades#speed)スピードアップグレード/$と$(l:base_concepts/upgrades#volume)ボリュームアップグレード/$をすることができます。"
    },
    {
      "type": "text",
      "title": "ドリルビット",
      "text": "新しく作ったジャックハンマーには、$(thing)ドリルビット/$が付いていないので、あまり役に立ちません。ジャックハンマーを右クリックして設定GUIを開き、右上のスロットにビットをセットしてください。$(p)ドリルビットは4種類あり、威力とコストの高い順に並んでいます。$(li)鉄/$$(li)圧縮鉄/$$(li)ダイヤモンド/$$(li)ネザライト/$"
    },
    {
      "type": "text",
      "title": "ディグモード",
      "text": "ジャックハンマーは、いくつかのディグモードに対応しており、$(thing)ベインマインダー/$の機能もあるので、広い範囲を素早く掘り出すことができます。サポートされる掘削モードは、使用している$(thing)ドリルビット/$に依存し、より良いビットはより多くの掘削モード（掘削速度の向上に加えて）をサポートしています。$(p)ディグモードを設定するには、ジャックハンマーのGUIを開き（右クリック）、右下のボタンを使用します（反対側を参照）。"
    },
    {
      "type": "image",
      "images": [
        "pneumaticcraft:textures/patchouli/jackhammer_gui.png"
      ],
      "text": "$(italic)Jackhammer GUIにNetherite Drill Bitを装着し、3x3ディグモードを選択した状態。/$"
    },
    {
      "type": "spotlight",
      "item": "minecraft:enchanted_book",
      "title": "エンチャンティング",
      "text": "ジャックハンマーを$(thing)エンチャントテーブル/$でエンチャントすることはできませんが、$(thing)シルクタッチ/$や$(thing)フォーチュン/$のエンチャントブックをGUIで挿入することは可能です。中央上部の本スロットに本を入れると、Jackhammerにエンチャントが施されます。"
    },
    {
      "type": "text",
      "title": "エンチャンティング（続き）",
      "text": "これは、必要に応じてSilk TouchとFortuneの本を簡単に交換できるという利点があります。$(p)もし、必要な本を手に入れるのが難しいなら（バニラブックのエンチャントは非常にランダム）、$(l:manufacturing/pressure_chamber)圧力室/$が道具からエンチャントを剥がし、本につけることができることを覚えておいてください。"
    },
    {
      "type": "crafting",
      "text": "Crafting a Jackhammer",
      "recipe": "pneumaticcraft:jackhammer"
    },
    {
      "type": "pneumaticcraft:thermo_plant",
      "recipe": "pneumaticcraft:thermo_plant/iron_drill_bit"
    },
    {
      "type": "pneumaticcraft:thermo_plant",
      "recipe": "pneumaticcraft:thermo_plant/compressed_iron_drill_bit"
    },
    {
      "type": "pneumaticcraft:thermo_plant",
      "recipe": "pneumaticcraft:thermo_plant/diamond_drill_bit"
    },
    {
      "type": "pneumaticcraft:assembly_system",
      "recipe": "pneumaticcraft:assembly/netherite_drill_bit"
    }
  ]
}