{
  "name": "ヒートパイプ",
  "icon": "pneumaticcraft:heat_pipe",
  "category": "pneumaticcraft:machines",
  "advancement": "pneumaticcraft:root",
  "pages": [
    {
      "type": "text",
      "text": "$(item)ヒートパイプ/$は、圧縮鉄の絶縁コアで、隣接する空気や流体のブロックと熱的に接続することなく、ブロック間で熱を伝達することができます。$(thing)圧縮鉄ブロック/$で熱を伝達するよりも、よりコンパクトで安価な方法です。$(p)$(l:tools/camo_applicator)カモフラージュアプリケーター/$でヒートパイプを隠すことができます。"
    },
    {
      "type": "image",
      "images": [
        "pneumaticcraft:textures/patchouli/heat_sinks.png"
      ],
      "border": "true",
      "text": "$(italic)TODO: ヒートパイプのイメージ/$"
    },
    {
      "type": "crafting",
      "text": "Crafting a Heat Pipe",
      "recipe": "pneumaticcraft:heat_pipe"
    }
  ]
}
