{
  "name": "空気圧式ダイナモ",
  "icon": "pneumaticcraft:pneumatic_dynamo",
  "category": "pneumaticcraft:machines",
  "advancement": "pneumaticcraft:advanced_pressure_tube",
  "pages": [
    {
      "type": "text",
      "text": "$(item)Pneumatic Dynamo/$は$(l:base_concepts/pressure)圧縮空気/$を$(thing)Forge Energy/$に変換し、$(thing)Redstone Flux/$や他のModsのエネルギーシステムと互換性がある。デフォルトでは40FE/tickを出力するが、$(l:base_concepts/upgrades#speed)Speed Upgrade/$でアップグレードすることができる。$(item)Flux Compressor/$のFE出力量は現在のFE生産量の2倍で、デフォルトでは80FE/tickだが、Speed Upgradeによって増加させることができる。"
    },
    {
      "type": "spotlight",
      "item": "pneumaticcraft:pneumatic_dynamo",
      "text": "効率を左右する重要な要素は、ダイナモの$(l:base_concepts/heat)温度/$です。ダイナモは$(thing)冷却/$する必要があり、さもないと温度が上昇するにつれて効率が低下し、空気がまったく発生しなくなる。"
    },
    {
      "type": "crafting",
      "text": "Crafting a Pneumatic Dynamo",
      "recipe": "pneumaticcraft:pneumatic_dynamo"
    }
  ]
}
