{
  "name": "セントリータレット",
  "icon": "pneumaticcraft:sentry_turret",
  "category": "pneumaticcraft:machines",
  "advancement": "pneumaticcraft:plastic",
  "pages": [
    {
      "type": "text",
      "text": "$(thing)セントリータレット/$は、自律型防衛兵器です。内蔵された$(l:tools/minigun)ミニガン/$と$(l:tools/minigun_ammo)銃の弾薬/$（自分で用意する）を使用して、範囲内のエンティティを撃ちます。射程はデフォルトで16ブロックですが、$(l:base_concepts/upgrades#range)射程アップグレード/$で最大32ブロックまでアップグレード可能です。$(p)セントリータレットは$(l:base_concepts/pressure)圧力/$がなくても機能しますが、$(l:tools/minigun_ammo)弾薬/$は供給する必要があります。"
    },
    {
      "type": "spotlight",
      "item": "pneumaticcraft:sentry_turret",
      "text": "$(thing)セントリータレット/$のターゲットは、タレットのGUIで$(l:base_concepts/entity_filter)エンティティフィルタ/$を入力することでフィルタリングできます。$(thing)F1キー/$を押し続けるとフィルタリングのヘルプページがポップアップします。$(p)新しく設置されたタレットは、苦痛を避けるためにデフォルトで$(thing)@mob/$のフィルタが設定されています。"
    },
    {
      "type": "spotlight",
      "item": "pneumaticcraft:security_station",
      "text": "$(thing)セントリータレット/$が1つ以上の$(l:machines/security_station)セキュリティステーション/$に覆われている場合、エンティティフィルターの設定に関わらず、$(italic)すべて/$のセキュリティステーションの信頼済みリストに載っているプレイヤーをターゲットにすることはありません。"
    },
    {
      "type": "image",
      "images": [
        "pneumaticcraft:textures/patchouli/sentry_turret.png"
      ],
      "border": "true"
    },
    {
      "type": "crafting",
      "text": "Crafting a Sentry Turret",
      "recipe": "pneumaticcraft:sentry_turret"
    }
  ]
}
