{
  "name": "静電コンプレッサー",
  "icon": "pneumaticcraft:electrostatic_compressor",
  "category": "pneumaticcraft:compressors",
  "advancement": "pneumaticcraft:advanced_pressure_tube",
  "pages": [
    {
      "type": "text",
      "text": "$(item)静電コンプレッサー/$は、$(thing)雷/$をエネルギー源として圧縮空気を生成する$(l:base_concepts/pressure_tiers)Tier2/$エア$(l:base_concepts/pressure)コンプレッサー/$である。$(p)雷に打たれると、瞬時に200,000mLの空気を作り出す。多いように見えるが、チャージクリーパーがこそこそしているのをよく見かけるだろう？打ち倒すしかない。"
    },
    {
      "type": "text",
      "text": "この機械に$(item)鉄の棒/$を接続すると、稲妻の導体として機能し、稲妻が発生する確率が高くなります。$(p)アドバイスとしては、鉄の棒の大きな$(thing)グリッド/$を作成することです。 水平方向に5ブロック、上下に5ブロックまで設置できますが、すべて$(item)静電コンプレッサー/$に接続されていなければなりません。"
    },
    {
      "type": "image",
      "images": [
        "pneumaticcraft:textures/patchouli/electrostatic_compressor.png"
      ]
    },
    {
      "type": "text",
      "text": "左の画像では、中央のコンプレッサーだけが十分に大きなグリッドで囲まれており、最大の効率を発揮しています。他のコンプレッサーはストライクを誘発する可能性が低くなります（それでも、グリッドの中央にコンプレッサーを1つだけ置くよりは効果的です）。"
    },
    {
      "type": "text",
      "text": "$(thing)グリッド/$上に複数の$(item)静電コンプレッサー/$を設置すると、ストライクで発生した空気を均等に分配することができます。$(p)ストライク後、圧力が高くなったときにコンプレッサーが爆発しないように、コンプレッサーの下側に$(item)鉄の棒/$を接続することができます。こうすることで、エネルギーは機械に入るのではなく、地面に放散することができます。"
    },
    {
      "type": "text",
      "text": "この放散は、コンプレッサーの危険圧力に達したときにのみ行われ、すぐに行われるわけではありません。コンプレッサーの$(italic)直下/$にある各$(item)鉄の棒/$（同じY軸上）は、余分な空気を10,000mLずつ放散することができます。$(p)従って、共有$(thing)グリッド/$に10台のコンプレッサーがある場合、各コンプレッサーの下に必要な$(ttcolor)$(t:200000 / 10 = 20000 air produced per compressor; 10000 x 2 = 20000 air dissipated)鉄の棒は2本だけ/$です。(コンプレッサーに$(l:base_concepts/upgrades#security)セキュリティアップグレード/$を追加することもできますが、その分コストがかかり、効果も低くなります)"
    },
    {
      "type": "text",
      "text": "また、コンプレッサーの$(italic)真上/$に$(item)鉄の棒/$を10本まで置いて$(thing)避雷針/$にすると、落雷の確率が上がります。鉄の棒1本ごとに落雷確率が少し向上します。"
    },
    {
      "type": "text",
      "text": "$(bold)注意/$：以前のバージョンの$(pncr)とは異なり、自然の稲妻はコンプレッサーに空気を$(italic)追加しません/$（これは稲妻を作成するために他のMODを使用して非常に悪用されました）。その代わり、コンプレッサーはわずかな確率で\"偽\"の稲妻を作ります。このチャンスは晴天時には$(italic)非常に/$小さいですが、$(thing)雨天時/$には改善され、$(thing)雷雨時/$には大きく改善されます。"
    },
    {
      "type": "crafting",
      "text": "$(item)静電コンプレッサー/$の製作",
      "recipe": "pneumaticcraft:electrostatic_compressor"
    }
  ]
}