
{
  "name": "組立システム",
  "icon": "pneumaticcraft:assembly_controller",
  "category": "pneumaticcraft:manufacturing",
  "advancement": "pneumaticcraft:printed_circuit_board",
  "pages": [
    {
      "type": "text",
      "text": "より高いレベルの素材を作るには、$(thing)アセンブリシステム/$（$(thing)アセンブリマシン/$の集合体）が必要です。これらのマシンは、水平方向に隣接している場合、互いに通信を行います。各タイプのマシンは1台しか存在できません（ただし、後述の$(item)Assembly IO Unit/$は例外です）。組立ラインは$(l:base_concepts/pressure)圧縮空気/$で動いていますが、組立コントローラに空気を供給するだけで、システム全体の電力が供給されます。"
    },
    {
      "type": "spotlight",
      "item": "pneumaticcraft:assembly_controller",
      "text": "$(thing)組立システム/$の頭脳。$(item)コントローラ/$が他の$(thing)組立装置/$を制御するための$(l:manufacturing/assembly_programs)プログラム/$を受け付けます。$(p)コントローラのディスプレイには、コントローラの状態に関する診断情報が表示されます。GUIを開くと、何が起きているかがわかります。"
    },
    {
      "type": "spotlight",
      "item": "pneumaticcraft:assembly_io_unit_import",
      "text": "$(item)IOユニット/$は、インベントリーと$(item)Assembly Platform/$をつなぐ役割を担っています。斜め方向に伸びるロボットアームです。$(p)IOユニットは、完成したアイテムをエクスポートしたり、クラフトに使用するアイテムをインポートしたりすることができます。バニラの$(item)チェスト/$でも、改造したインベントリーブロックでも、どんなインベントリでも使用できます。"
    },
    {
      "type": "text",
      "title": "Assembly IO Unit (cont.)",
      "text": "$(thing)アセンブリシステム/$には、$(italic)2つ/$の$(item)IOユニット/$、インポートユニット、エクスポートユニットが必要です。 $(6)オレンジ/$は輸出用ユニット、$(9)青/$は輸入用ユニットを意味します。$(item)IOユニット/$が機能するには、$(item)組み立てプラットフォーム/$と、アイテムを取り出したり保存したりするためのインベントリに到達できる必要があります（モードによる）。"
    },
    {
      "type": "spotlight",
      "item": "pneumaticcraft:assembly_platform",
      "text": "$(item)アセンブリプラットフォーム/$は、他の$(thing)アセンブリマシン/$のための作業台です。穴あけやレーザー加工を行う際に、アイテムを所定の位置に保持するために使用される。$(p)$(item)組立台/$は、他のすべての機械がアクセスする必要があるため、中央に配置するのが最適です。"
    },
    {
      "type": "spotlight",
      "item": "pneumaticcraft:assembly_drill",
      "text": "$(item)アセンブリドリル/$は、実際の作業を行う$(thing)アセンブリマシン/$の1つです。ダイヤモンドのドリルヘッドで、どんなに硬い素材にも穴をあけることができます。$(p)$(item)アセンブリドリル/$は斜め方向には届か$(italic)ない/$ので、$(thing)組立台/$に隣接して設置する必要があります。"
    },
    {
      "type": "spotlight",
      "item": "pneumaticcraft:assembly_laser",
      "text": "$(item)アセンブリレーザー/$は、材料を切断することができ、アイテムをスライスしたり、エッジを切り落としたりするために使用されます。$(p)$(item)アセンブリドリル/$同様、斜め方向には$(italic)届きません/$。"
    },
    {
      "type": "text",
      "title": "Using",
      "text": "$(thing)組立システム/$でアイテムを作るには、$(item)組立コントローラ/$に$(l:manufacturing/assembly_programs)組立プログラム/$をセットし、必要なアイテムをインベントリに入れます。$(p)コントローラーが知っているレシピと挿入されたプログラムが一致するアイテムは、自動的に加工されます。"
    },
    {
      "type": "link",
      "flag": "mod:crafttweaker",
      "title": "CraftTweaker",
      "text": "$(thing)Assembly System/$は$(l:https://minecraft.curseforge.com/projects/crafttweaker)CraftTweaker/$に対応しており、レシピの追加や削除が可能です。詳しくは以下のリンクをご覧ください。",
      "url": "https://docs.blamejared.com/1.16/en/mods/PneumaticCraft-Repressurized/AssemblySystem",
      "link_text": "CraftTweaker Docs"
    },
    {
      "type": "crafting",
      "recipe": "pneumaticcraft:assembly_controller",
      "recipe2": "pneumaticcraft:assembly_platform"
    },
    {
      "type": "crafting",
      "recipe": "pneumaticcraft:assembly_io_unit_import",
      "recipe2": "pneumaticcraft:assembly_io_unit_export"
    },
    {
      "type": "crafting",
      "recipe": "pneumaticcraft:assembly_io_unit_import_from_export",
      "recipe2": "pneumaticcraft:assembly_io_unit_export_from_import"
    },
    {
      "type": "crafting",
      "recipe": "pneumaticcraft:assembly_drill",
      "recipe2": "pneumaticcraft:assembly_laser"
    }
  ]
}