{
  "name": "コンディション: ライトウィジェット",
  "icon": "pneumaticcraft:textures/progwidgets/condition_light_piece.png",
  "category": "pneumaticcraft:widget_cond",
  "advancement": "pneumaticcraft:programmer",
  "pages": [
    {
      "type": "text",
      "text": "これは$(l:programming/conditions)Condition/$ウィジェットです。$(p)$(thing)コンディション: Light/$ウィジェットでは、接続された$(l:programming/area)Area/$ウィジェット内のブロックの光量が、設定された光量閾値と一致するかどうかを（リモートで）確認することができます。"
    },
    {
      "type": "image",
      "images": [
        "pneumaticcraft:textures/progwidgets/condition_light_piece.png"
      ],
      "text": "$(italic)Condition: Light Widget/$"
    }
  ]
}