{
  "name": "コンディション: アイテムウィジェット",
  "icon": "pneumaticcraft:textures/progwidgets/condition_item_inventory_piece.png",
  "category": "pneumaticcraft:widget_cond",
  "advancement": "pneumaticcraft:programmer",
  "pages": [
    {
      "type": "text",
      "text": "これは$(l:programming/conditions)Condition/$ウィジェットです。$(p)$(thing)コンディション: アイテム/$ウィジェットは、インベントリにある一定量のアイテムをチェックします。一致するアイテムはすべてカウントされます（接続された$(l:programming/item_filter)アイテムフィルタ/$によって指定されます；すべてのアイテムをカウントするにはフィルタを省略します）。"
    },
    {
      "type": "image",
      "images": [
        "pneumaticcraft:textures/progwidgets/condition_item_inventory_piece.png"
      ],
      "text": "$(italic)Condition: Items Widget/$"
    }
  ]
}