{
  "name": "ドローンコンディション: RFウィジェット",
  "icon": "pneumaticcraft:textures/progwidgets/condition_drone_rf_piece.png",
  "category": "pneumaticcraft:widget_cond",
  "advancement": "pneumaticcraft:programmer",
  "pages": [
    {
      "type": "text",
      "text": "これは$(l:programming/conditions)コンディション/$ウィジェットです。$(p)$(thing)Droneコンディション: RF/$ウィジェットは、この$(l:tools/drone)Drone/$が持っている$(thing)Forge Energy (FE)/$の量を確認することができます。$(p)$(italic)名前に反して、このウィジェットはRF（Redstone Flux）ではなく、FEをチェックします。名前は歴史的なものです。/$"
    },
    {
      "type": "image",
      "images": [
        "pneumaticcraft:textures/progwidgets/condition_drone_rf_piece.png"
      ],
      "text": "$(italic)Drone Condition: RF Widget/$"
    }
  ]
}
