{
  "name": "ドロップアイテムウィジェット",
  "icon": "pneumaticcraft:textures/progwidgets/item_drop_piece.png",
  "category": "pneumaticcraft:widget_interact",
  "advancement": "pneumaticcraft:programmer",
  "pages": [
    {
      "type": "text",
      "text": "これにより、$(l:tools/drone)Drone/$は接続された$(l:programming/areaエリア/$内のインベントリからアイテムをドロップするようになります。$(thing)ドロップアイテム/$ウィジェットを$(thing)右クリック/$することで、エリア内の各ポジションにドロップされるアイテムの数を指定することができます。また、$(thing)ランダム/$と$(thing)ストレート/$のモードを切り替えることができ、それぞれ、（バニラ・$(item)ドロッパー/$のように）小さなランダムオフセットでアイテムを落とすか、まっすぐ落とすかを意味します。"
    },
    {
      "type": "text",
      "text": "また、$(l:programming/item_filter)アイテムフィルター/$を接続することができます。フィルタを使用すると、フィルタで許可されたアイテムのみがドロップされます。$(p)ウィジェットは、該当するアイテムが$(item)ドローン/$のインベントリに残っていないとき、またはドローンがエリア内のすべての位置を訪問したときに実行が終了します。"
    },
    {
      "type": "image",
      "images": [
        "pneumaticcraft:textures/progwidgets/item_drop_piece.png"
      ],
      "text": "$(italic)Drop Item Widget/$"
    }
  ]
}