{
  "name": "エンティティエクスポートウィジェット",
  "icon": "pneumaticcraft:textures/progwidgets/entity_export_piece.png",
  "category": "pneumaticcraft:widget_interact",
  "advancement": "pneumaticcraft:programmer",
  "pages": [
    {
      "type": "text",
      "text": "$(l:tools/drone)Drone/$は指定された$(l:programming/area)エリア/$に移動し、運んでいるエンティティをドロップします。（オプション）接続された$(l:programming/text)Text/$ウィジェットで指定された$(l:base_concepts/entity_filter)Entity Filter/$$(p)$(l:programming/entity_import)Entity Import/$ウィジェットも参照してください。"
    },
    {
      "type": "image",
      "images": [
        "pneumaticcraft:textures/progwidgets/entity_export_piece.png"
      ],
      "text": "$(italic)Entity Export Widget/$"
    }
  ]
}