{
  "name": "エンティティインポートウィジェット",
  "icon": "pneumaticcraft:textures/progwidgets/entity_import_piece.png",
  "category": "pneumaticcraft:widget_interact",
  "advancement": "pneumaticcraft:programmer",
  "pages": [
    {
      "type": "text",
      "text": "$(l:tools/drone)ドローン/$は、指定された$(l:programming/area)エリア/$内で、以下の条件に一致する最も近いエンティティに移動します。（オプション）接続された$(l:programming/text)テキスト/$ウィジェットの$(l:base_concepts/entity_filter)エンティティ/$フィルタにマッチ$(p)これにはプレイヤーも含まれますが、プレイヤーは$(thing)スニーク/$することで$(item)Drone/$から簡単に逃げ出すことができます。とはいえ、自分でコントロールできる飛行体に運ばれるのは、それなりの利点があるのですが......。"
    },
    {
      "type": "text",
      "title": "エクスペリエンスオーブ",
      "text": "ドローンはこのウィジェットを使って$(thing)Experience Orbs/$をインポートすることもできます。$(item)@orb/$ エンティティフィルタがXP Orbsにマッチします。インポートされたオーブは$(l:base_concepts/memory_essence)メモリーエッセンス/$に変換され、ドローンの内部タンクに保存されます。その後、$(l:programming/liquid_export)リキッドエクスポート/$ウィジェットを使ってそれを液体タンクに転送することができます。"
    },
    {
      "type": "text",
      "title": "エリア制限",
      "text": "このウィジェットに接続する$(l:programming/area)エリア/$ウィジェットのエリアタイプは$(thing)Box/$でなければならないことに注意してください; これは、サポートされる唯一の形状です。サポートされている形状はこれだけですが、領域のホワイトリスト/ブラックリストを使用することで、異なる形状を作成することができます。"
    },
    {
      "type": "image",
      "images": [
        "pneumaticcraft:textures/progwidgets/entity_import_piece.png"
      ],
      "text": "$(italic)Alien abduction/$"
    }
  ]
}