{
  "name": "インベントリインポートウィジェット",
  "icon": "pneumaticcraft:textures/progwidgets/inventory_import_piece.png",
  "category": "pneumaticcraft:widget_interact",
  "advancement": "pneumaticcraft:programmer",
  "pages": [
    {
      "type": "text",
      "text": "これにより、$(l:tools/drone)Drone/$は指定された$(l:programming/area)エリア/$内で最も近いインベントリに移動し、そのインベントリからアイテムを抽出して$(item)Drone/$のインベントリに挿入します。$(p)ウィジェットを$(thing)右クリック/$すると、セットアップGUIが表示され、$(item)Drone/$がアイテムを抽出する側を指定することができます。また、インポートするアイテムの最大数を指定することもできます。"
    },
    {
      "type": "text",
      "text": "また、$(l:programming/item_filter)アイテムフィルタ/$ウィジェットを任意の数（0を含む）接続し、インポートできるアイテムを制限することができます。$(italic)右/$側のフィルタはホワイトリストとして機能し、$(italic)左/$側のフィルタはブラックリストとして機能することを忘れないでください。$(p)このウィジェットは、$(item)ドローン/$のインベントリがいっぱいになったとき、または関連するインベントリ（またはインベントリ）にこれ以上（該当する）アイテムが見つからなかったときに実行されます。"
    },
    {
      "type": "image",
      "images": [
        "pneumaticcraft:textures/progwidgets/inventory_import_piece.png"
      ],
      "text": "$(italic)I'll have that, thanks/$"
    }
  ]
}