{
  "name": "フルイドエクスポートウィジェット",
  "icon": "pneumaticcraft:textures/progwidgets/liquid_export_piece.png",
  "category": "pneumaticcraft:widget_interact",
  "advancement": "pneumaticcraft:programmer",
  "pages": [
    {
      "type": "text",
      "text": "$(l:programming/liquid_import)流体インポート/$の逆で、$(l:tools/drone)Drone/$は指定された$(l:programming/area)エリア/$内の最も近いタンクまで移動し、自分のタンクから流体をドロップします。$(p)さらに、$(item)Drone/$はワールドに流体を配置することができます。これを行うには、ウィジェットGUIで$(thing)Place fluid in world/$オプションをチェックします。このとき、$(item)ローン/$は自分自身を簡単に罠にかけることができます!"
    },
    {
      "type": "text",
      "text": "ウィジェット GUI で、Drone がタンクのどの側にアイテムを出力するかを指定することができま す。$(p)Droneがエクスポートするものを制限するために、$(l:programming/liquid_filter)Fluid Filter/$を$(ttcolor)$(t:右側で接続するとホワイトリスト、左側で接続するとブラックリストに登録されます。)接続/$することができます。$(p)このウィジェットは、$(item)Drone/$のタンクが（該当する流体の）空であるか、流体を受け入れる領域内に タンクがないときに実行されます。"
    },
    {
      "type": "image",
      "images": [
        "pneumaticcraft:textures/progwidgets/liquid_export_piece.png"
      ],
      "text": "$(italic)Fluid Export Widget/$"
    }
  ]
}