{
  "name": "ピックアップアイテム ウィジェット",
  "icon": "pneumaticcraft:textures/progwidgets/item_pick_piece.png",
  "category": "pneumaticcraft:widget_interact",
  "advancement": "pneumaticcraft:programmer",
  "pages": [
    {
      "type": "text",
      "text": "$(l:tools/drone)Drone/$は、ワールド内のアイテムエンティティをピックアップして、インベントリに入れます。このウィジェットに接続されている$(l:programming/area)エリア/$ウィジェットは、エリアタイプが$(thing)Box/$でなければならないことに注意してください。これは、サポートされている唯一のシェイプです。ただし、複数のエリアをホワイトリスト/ブラックリスト化することで、より複雑なシェイプを作成することができます。"
    },
    {
      "type": "text",
      "text": "$(l:programming/item_filter)アイテムフィルタ/$ウィジェットを追加して、ピックアップできるアイテムを制限することができます（$(thing)左/$側にブラックリストフィルタが配置されることを覚えておいてください）。$(p)このウィジェットは、地面に転がっているアイテム（アイテムフィルタを通過したもの）がDroneのインベントリに収まらないとき、またはピックアップできるアイテムが残っていないときに実行されます。"
    },
    {
      "type": "image",
      "images": [
        "pneumaticcraft:textures/progwidgets/item_pick_piece.png"
      ],
      "text": "$(italic)Mine. Mine. Mine./$"
    }
  ]
}