{
  "name": "ウィジェットの名称変更",
  "icon": "pneumaticcraft:textures/progwidgets/rename_piece.png",
  "category": "pneumaticcraft:widget_other",
  "advancement": "pneumaticcraft:programmer",
  "pages": [
    {
      "type": "text",
      "text": "このウィジェットは、$(item)Name Tag/を使用して$(thing)右クリック/$したかのように、$(l:tools/drone)ドローン/$の名前を変更します。名前は、付属の$(l:programming/text)Text/$ウィジェットに入力されます。"
    },
    {
      "type": "text",
      "title": "変数",
      "text": "また、本文中に$(thing)${<var_name>}/$を入れることで、$(l:programming/variables)変数/$の値を挿入することもできます。例$(p)  $(formula)カウンタ: {counter}/$$(p)$(thing)Counter: 1, 2, 3/$ と展開されます。$(thing)カウンタ/$変数が$(thing)x=1,y=2,z=3/$に設定されている場合、Counter: 1, 2, 3と展開されます。$(l:programming/variables#special)特殊変数/$や$(l:programming/variables#global)グローバル変数/$もここで使用することができます。"
    },
    {
      "type": "image",
      "images": [
        "pneumaticcraft:textures/progwidgets/rename_piece.png"
      ],
      "text": "$(italic)Who are you again?/$"
    }
  ]
}