{
  "name": "スタートウィジェット",
  "icon": "pneumaticcraft:textures/progwidgets/start_piece.png",
  "category": "pneumaticcraft:widget_flow",
  "advancement": "pneumaticcraft:programmer",
  "pages": [
    {
      "type": "text",
      "text": "$(thing)スタート/$ウィジェットは、プログラムの最初のウィジェットであり、$(l:programming/flow_control)プログラムの実行/$を開始する場所です。$(p)$(italic)必ず/$、1つだけ存在することができます。"
    },
    {
      "type": "image",
      "images": [
        "pneumaticcraft:textures/progwidgets/start_piece.png"
      ],
      "text": "$(italic)Call me MacLeod/$"
    }
  ]
}