{
  "name": "ドローン基本チュートリアル#1",
  "icon": "minecraft:knowledge_book",
  "category": "pneumaticcraft:programming",
  "priority": "true",
  "advancement": "pneumaticcraft:programmer",
  "pages": [
    {
      "type": "text",
      "text": "このチュートリアルでは、$(l:tools/drone)ドローン/$にエリアを掘らせるための簡単なプログラムをセットアップします。始める前に、必要なもの"
    },
    {
      "type": "text",
      "text": "$(li)$(l:programming/programmer)プログラマー/$（もちろん）$(li)(クリエイティブモードでない場合）プログラマーに隣接する$(item)チェスト/$（$(l:programming/puzzle_pieces)Puzzle Pieces/$が6個以上入っているもの）。$(li)$(item)シャベル/$（種類を問わず）が入っている$(item)チェスト/$、またはその他のインベントリ$(li)基本的な$(l:tools/gps_tool)GPSツール/$$(li)$(l:tools/gps_area_tool)GPSエリアツール/$"
    },
    {
      "type": "text",
      "text": "$(l:programming/programmer)プログラマ/$GUIを開きます。右側には、$(ttcolor)$(t:パズルのピースをGUI上で仮想的に表現したものをプログラミングウィジェットと呼びます)プログラミングウィジェット/$の$(thing)トレイ/$があります。トレイの下にある矢印ボタンで切り替えるか、$(thing)Space/$または$(thing)Tab/$キーを押してトレイを拡張します。$(p)展開すると、トレイの上にテキストフィールドが表示され、ウィジェットを検索するための$(thing)フィルタ/$を入力することができます。今、そこに'start'と入力してください。$(7)グレーアウト/$していない1つのウィジェットだけが表示されるはずです。"
    },
    {
      "type": "text",
      "text": "次に、その$(l:programming/start)スタート/$ウィジェットをメインプログラミングエリアにドラッグします。$(4)赤いボーダー/$が表示されますが、これは問題があることを示しています：マウスオーバーすると問題がわかります。$(p)右のように、下にウィジェットが接続されていません。プログラムを作成することで、この問題を解決しましょう。$(p)$(l:programming/inventory_import)Import From Inventory/$ウィジェットを見つけて、$(thing)Start/$ウィジェットの真下にドラッグしてください。"
    },
    {
      "type": "text",
      "text": "十分に近い場所に置くと、$(thing)スタート/$ウィジェットの下部に'スナップ'します。ジグソーパズルのように、コネクタがフィットしていることに注目してください。そのため、$(thing)パズルピース/$という名前がついています。$(p)次に、$(l:programming/area)エリア/$ウィジェットをドラッグして、$(thing)インポート/$ウィジェットの右（$(ttcolor)$(t:他のウィジェットの右側にあるウィジェットはホワイトリストとして、左側にあるウィジェットはブラックリストとして機能する)左ではない/$）に接続し、$(l:programming/item_filter)アイテムフィルタ/$ウィジェットを、同じく$(thing)インポート/$ウィジェットの右に接続してください。ここでも、両者が'スナップ'していることを確認してください。"
    },
    {
      "type": "text",
      "text": "$(thing)エリア/$ウィジェットも、まだエリアが定義されていないため、$(4)赤いボーダー/$で始まっているのがわかると思います。$(item)GPSツール/$で、前に置いた$(item)シャベル/$の入った$(item)チェスト/$を$(thing)スニーク＋右クリック/$します。すると、その場所がハイライトされます。$(p)さて、プログラマGUIで、$(item)GPSツール/$をカーソルにしたまま$(thing)エリア/$ウィジェットを$(thing)左クリック/$すると、その場所が$(thing)エリア/$ウィジェットにコピーされます!"
    },
    {
      "type": "text",
      "text": "次に$(thing)Item Filter/$です。$(thing)右クリック/$し、オプションGUIを開きます。$(bold)Search Item.../$ボタンをクリックし、結果の検索窓に'shovel'と入力します。先ほどチェストに入れたシャベルの種類を選択し、$(thing)エスケープ/$キーを押して検索ボックスを閉じます。$(p$(thing)アイテムフィルター/$ウィンドウに戻り、'アイテム耐久性'の$(italic)チェックをはずす/$と、部分的に使用されたシャベルにもマッチするようになります。もう一度$(thing)Escape/$を押して、メインGUIに戻ります。"
    },
    {
      "type": "text",
      "text": "この時点で、ドローンにチェストからシャベルをピックアップするように指示しました!$(p)$(l:programming/dig)ディグ/$ウィジェットをドラッグして、$(thing)輸入/$ウィジェットの下にスナップします。$(p)もうひとつの$(thing)エリア/$ウィジェットをドラッグして、$(thing)ディグ/$ウィジェットの右側にスナップさせます。"
    },
    {
      "type": "text",
      "text": "掘るエリアを定義しましょう。$(thing)GPSエリアツール/$を使って、エリアの一角を形成するブロックを$(thing)右クリック/$します。反対側の角のブロックを$(thing)左クリック/$します。ドローンはシャベルを使うので、土や砂にこだわってみてください。$(p)ハイライトされた部分が$(thing)solid box/$であることを確認します。デフォルトではそうなっているはずですが、空中でツールを$(thing)左/右クリック/$すると、形状を定義できる設定GUIを開くことができます。"
    },
    {
      "type": "text",
      "text": "プログラマGUIに戻り、$(thing)GPSエリアツール/$を手に取り、$(thing)Dig/$ウィジェットに付属するエリアウィジェットを$(thing)左クリック/$します。先ほどと同じように、その設定がエリアウィジェットにコピーされるのがわかります。$(p)この時点で、エラーを示す赤いハイライトは表示されていないはずです：おめでとう、あなたは有効なプログラムを持っています!"
    },
    {
      "type": "text",
      "text": "最後に、$(l:tools/drone)Drone/$を手に取り、$(l:machines/charging_station)Charging Station/$で加圧されたことを確認します。プログラマ GUI の右上にあるスロットにドローンアイテムを入れて、$(thing)⟶ (export)/$ボタンを クリックします（左のテキストフィールドでドローンに名前を付けることができます）。$(p)音声によるフィードバックがあり、あなたのドローンはプログラムされました!"
    },
    {
      "type": "text",
      "text": "あとは、Droneを配備するだけです: ワールド内のチェストの近くで$(thing)右クリック/$し、ドローンが動き出すのを見ましょう!"
    }
  ]
}