{
    "name": "建築資材",
    "icon": "pneumaticcraft:reinforced_bricks",
    "category": "pneumaticcraft:base_concepts",
    "pages": [
        {
            "type": "text",
            "text": "$(pncr)は、$(item)石/$と少量の$(item)圧縮鉄/$で作られた、$(thing)強化石/$というブロックタイプのコレクションを追加します。多くのクラフトレシピは何らかの強化石を必要とします。$(p)強化石ブロックは建築にも非常に適しており、高い耐爆性を持っています。"
        },
        {
            "type": "spotlight",
            "item": "pneumaticcraft:compressed_stone",
            "text": "さらに、$(thing)圧縮石/とその各種製品は、景観や美的目的にも役に立つ場合があります。$(thing)強化石/$と同様に、優れた耐爆性を持っています。"
        },
        {
            "type": "crafting",
            "recipe": "pneumaticcraft:reinforced_stone",
            "recipe2": "pneumaticcraft:reinforced_stone_slab"
        },
        {
            "type": "crafting",
            "recipe": "pneumaticcraft:reinforced_bricks",
            "recipe2": "pneumaticcraft:reinforced_bricks_from_tile"
        },
        {
            "type": "crafting",
            "recipe": "pneumaticcraft:reinforced_brick_tile",
            "recipe2": "pneumaticcraft:reinforced_brick_stairs"
        },
        {
            "type": "crafting",
            "recipe": "pneumaticcraft:reinforced_brick_slab",
            "recipe2": "pneumaticcraft:reinforced_brick_wall"
        },
        {
            "type": "crafting",
            "recipe": "pneumaticcraft:reinforced_brick_pillar"
        },
        {
            "type": "pneumaticcraft:pressure_chamber",
            "recipe": "pneumaticcraft:pressure_chamber/compressed_stone"
        },
        {
            "type": "crafting",
            "recipe": "pneumaticcraft:compressed_stone_slab",
            "recipe2": "pneumaticcraft:compressed_brick_pillar"
        },
        {
            "type": "crafting",
            "recipe": "pneumaticcraft:compressed_bricks",
            "recipe2": "pneumaticcraft:compressed_bricks_from_tile"
        },
        {
            "type": "crafting",
            "recipe": "pneumaticcraft:compressed_brick_tile",
            "recipe2": "pneumaticcraft:compressed_brick_stairs"
        },
        {
            "type": "crafting",
            "recipe": "pneumaticcraft:compressed_brick_slab",
            "recipe2": "pneumaticcraft:compressed_brick_wall"
        }
    ]
}