{
  "name": "チャンクローディング",
  "icon": "minecraft:ender_eye",
  "category": "pneumaticcraft:base_concepts",
  "pages": [
    {
      "type": "text",
      "text": "一度に世界の一部だけがメモリにロードされるのは、Minecraftの基本的な仕組みです。これはパフォーマンスのために不可欠です。手頃な価格のコンピューターでは、世界全体（特にModが入っている物）を一度に読み込んで動き続けることは出来ません。そのため、世界は16x16(横軸)の$(thing)チャンク/$に分割され、一度に読み込まれるのは、そのうちの数個だけです。"
    },
    {
      "type": "text",
      "text": "これは、信頼できるModビルドを設計する上で重要な意味を持ちます。もし、拠点にいないときに処理を行いたいのなら、関連する機械を$(thing)チャンクロード/$する必要があります。以下の情報は、信頼できる$(pncr)ビルドを実現する為のヒントとして主に意図されていますが、その多くは他のModにも当てはまります。"
    },
    {
      "type": "text",
      "title": "Chunkloading Methods",
      "text": "$(li)Vanillaには $(thing)/forceload/$コマンドがあり、1つ以上のチャンクを常にロードしておくように強制できますが、これを使用するにはop権限が必要です。$(li)多くのModがプレイヤーが使えるチャンクロードの解決法を提供しています。$(thing)FTB Chunks/$、$(thing)Chicken Chunks/$、$(thing)Weirding Gadgets/$など様々です。このModの$(l:programming/programmable_controller)プログラマブルコントローラ/$もいくつか限定のチャンクローディング機能を提供しています。"
    },
    {
      "type": "text",
      "title": "Chunkloading Safety",
      "text": "次のヒントは、信頼性の高いチャンクロードシステムの構築に役立ちます。$(li)$(thing)建築等をチャンクの範囲内でするように心がけて下さい。建築の一部がチャンクロードされ、一部がされていない場合、結果は非常に予測不可能になります。すべてをロードするか、しないかを選択してください。$(li)$(thing)セキュリティアップグレードを機械に使用すれば/$、爆発を防げます。レッドストーン制御が上手くいっていても、チャンクロードやサーバーのパフォーマンスで問題になることもあります。"
    },
    {
      "type": "text",
      "title": "Chunkloading Safety (cont)",
      "text": "$(li)$(thing)マルチブロックはなるべく1つのチャンク内に収める。/$関連するチャンクがすべてチャンクロードされている場合でも、$(l:manufacturing/pressure_chamber)圧力室/$のように、マルチブロックが2つ以上のチャンクにまたがることは理想的ではありません。"
    }
  ]
}