{
  "name": "GUI コンセプト",
  "icon": "pneumaticcraft:textures/gui/icon/gui_mouse.png",
  "category": "pneumaticcraft:base_concepts",
  "pages": [
    {
      "type": "text",
      "text": "$(pncr)のほとんどの機械には、いくつかのサイドタブを持つGUIを備えています。一部のタブは、ほとんどまたは全ての機械で共通ですが、いくつかは特定の機械固有の物です。一般的なタブのリストは次の通りです。"
    },
    {
      "type": "text",
      "text": "$(li)$(bold)レッドストーン動作/$: ここでは、機械がレッドストーンにどのように反応するか、またはいつレッドストーンを発信するかを選択できます。$(li)$(bold)情報 /$：情報タブには、機械の用途に関する（静的な）情報が表示されます。$(li)$(bold)アップグレード /$：ここでは、この機械に取り付けられるアップグレードと、それらが機械に何をするかについて読むことが出来ます。"
    },
    {
      "type": "text",
      "text": "$(li)$(bold)圧力ステータス/$: ここでは、機械が受けている現在の圧力と機械の容積を確認することが出来ます。$(li)$(bold)問題 /$：機械が動作しない場合、このタブで何が問題なのかを正しい方法へ導いてくれます。"
    },
    {
      "type": "image",
      "text": "3つのサイドタブを表示するGUI: 圧力ステータス、問題（ここには無し）、機械固有のアセンブリコントローラーステータス",
      "images": [
        "pneumaticcraft:textures/patchouli/gui_tabs.png"
      ],
      "border": "false"
    }
  ]
}