{
  "name": "熱",
  "icon": "minecraft:blaze_powder",
  "category": "pneumaticcraft:base_concepts",
  "pages": [
    {
      "type": "text",
      "text": "$(pncr)は$(thing)熱/$システムを追加します。ブロックからブロックへの熱の広がり方は、現実の熱の広がり方と似ています。また$(l:base_concepts/pressure)圧力の拡散/$の仕方にも似ているところがあります。$(li)熱は、より厚い物体からより冷たい物体へと分散します。$(li)ブロックは、熱の概念をサポートする隣接したブロックにのみ熱を分散します（$(l:base_concepts/heat_sources)熱源/$を参照）。"
    },
    {
      "type": "text",
      "text": "$(li)温度差が大きいほど、熱の分散は早くなります。$(li)また、物体によって$(thing)熱抵抗力/$も異なります。$(li)$(item)松明/$や$(item)空気/$は抵抗が大きく、$(l:base_concepts/basic_materials#compressed_iron_block)圧縮鉄ブロック/$は抵抗が非常に小さくなっています。$(thing)熱抵抗力/$は、ある物体から別の物体への熱の広がる速度を決定します。"
    },
    {
      "type": "text",
      "text": "$(li)物体によって$(thing)熱容量/$も異なります。熱容量が大きければ大きいほど、与えられた熱量に対して温度が上昇するスピードは遅くなります。同様に、熱が奪われる時は、温度が下がるのが遅くなります。つまり、熱容量の大きいブロックは、$(thing)温度/$を上げるのに必要な$(thing)熱量/$も大きいが、熱を失う時は温度がゆっくりと下がります。"
    },
    {
      "type": "text",
      "title": "Insulation",
      "anchor": "insulation",
      "text": "機械は、露出していると空気に熱を奪われます。これは露出面が多い$(l:manufacturing/refinery)製油所/$で特に顕著ですが、$(l:base_concepts/basic_materials#compressed_iron_block)圧縮鉄ブロック/$を含む、全ての熱伝導性のあるブロックにも当てはまります。$(p)この熱の損失を防ぐには、空気ブロックに面を露出させないようにすることです。非熱伝導のブロックならどれでも構いません。完全なブロックではない、$(item)トラップドア/$や$(item)ハーフブロック/$でも大丈夫です。"
    },
    {
      "type": "text",
      "title": "Heat Sources",
      "text": "$(pncr)の一部の機械は、熱を放散させる必要のある機械もあれば、熱を発生させて動作させる必要のある機械もあります。$(p)したがって、これら機械の温度を操作する方法を見つける必要があるでしょう..."
    }
  ]
}
