{
  "name": "圧力ティア",
  "icon": "pneumaticcraft:advanced_pressure_tube",
  "category": "pneumaticcraft:base_concepts",
  "pages": [
    {
      "type": "text",
      "text": "$(pncr)は現在、空気圧機械に3つの$(thing)ティア/$を設定しています。$(li)$(thing)ティア 1/$の機械は、公称5barの圧力に耐えることが出来ます。$(li)$(thing)ティア 1.5$の機械は、10barまで耐えることが出来ます。$(li)$(thing)ティア 2/$の機械は、20barまで耐えることが出来ます。"
    },
    {
      "type": "text",
      "text": "ティア 1.5は、MC 1.18 対応版$(pncr)で追加された新しい\"ティア\"です。これはオプションのティアであり、主に以前はティア 2のみだった一部の機能にアクセスすることを目的としています。$(li)10barまでの道具の充填。$(li)$(item)ダイアモンドドリルビット/$の入手（3x3の範囲破壊が可能になります。以前は$(item)ネザライトドリルビット/$が必要でした）"
    },
    {
      "type": "text",
      "title": "Gauge Pressure",
      "text": "注：$(pncr)で使用される$(thing)bar/$は、通常の大気圧を超える圧力を表すため、0 barは加圧されていない空気、-1 barは真空であることを表すのに注意してください。これは$(thing)ゲージ圧/$とも呼ばれます。"
    }
  ]
}
