{
  "name": "圧力",
  "icon": "pneumaticcraft:pressure_tube",
  "category": "pneumaticcraft:base_concepts",
  "pages": [
    {
      "type": "text",
      "text": "圧縮空気は、現実の圧力力学に基づいた$(pncr)のパワーシステムです。$(li)圧縮空気は、$(thing)コンプレッサー/$と呼ばれる機会によって$(italic)生成/$され、いくつかの種類があります。$(li)全ての加圧可能な機械と道具は、標準大気圧で保存できる空気の量である$(thing)容積/$（mLで測定）があります。または、$(ttcolor)$(t:このMODでは標準待機圧を表すために 0 bar を使用しています)0 bar/$と表記されます。"
    },
    {
      "type": "text",
      "text": "$(li)機械や道具の$(thing)圧力（pressure） P/$は、次の様に計算出来ます。$(p)$(formula)P = (A / V) - 1/$$(p)ここでは、$(formula)V/$は$(thing)容積（volume）/$、$(formula)A/$は現在の機械内の$(thing)空気（air）/$量です。例えば、$(thing)容積/$ 5000mL を持ち、20000mL $(thing)空気/$ を貯蔵できる機械の圧力は、$(thing)3 bar/$となります。$(li)ほとんどの機械は、$(l:base_concepts/upgrades#volume)ボリュームアップグレード/$によって容積を増やすことができ、空気を使用した時の圧力損失が小さくなります。"
    },
    {
      "type": "text",
      "text": "$(li)空気は圧力の高井ブロックから低いブロックへと移動します。$(l:tubes/pressure_tubes)チューブ/$や機械に接続されていない状態で放置されると、巨大な$(thing)空気漏れ/$が発生し、圧力損失が発生します！空気漏れとは、シューという音として聞こえ、ブロックから出ていく粒子の流れが見えます。$(li)圧力はバランスを取ろうとします。小さな機械を大きな空気容量（$(l:manufacturing/pressure_chamber)プレッシャーチェンバー/$の様な）に接続すると、機械内の圧力が蓄積されることになります。"
    },
    {
      "type": "text",
      "text": "$(li)圧力は、機械や$(l:tubes/pressure_tubes)プレッシャーチューブ/$の内壁に力を加えます。圧力をかけすぎると、$(thing)爆発/$のような$(thing)制御不能な急速空気放出イベント/$が発生します。機械が爆発する圧力は、機械のGUIにある圧力計の赤い部分として表示されますが、機械が爆発する正確なポイントは予測できません。"
    },
    {
      "type": "text",
      "text": "$(li)多くの機械は動作する為の$(thing)最小圧力/$を必要としますが、機械が動作するには、$(thing)圧力/$を消費するのではなく、$(thing)空気/$を消費することを理解するのが重要です：圧力は、貯蔵された空気と容積の関数に過ぎません。"
    }
  ]
}
