{
    "name": "アップグレード",
    "icon": "pneumaticcraft:volume_upgrade",
    "category": "pneumaticcraft:base_concepts",
    "pages": [
        {
            "type": "text",
            "text": "$(thing)アップグレード/$は、機械や一部の道具に装着し、何らかの機能強化を図ることが出来るクラフト可能アイテムです。道具にアップグレードを追加するには、$(l:machines/charging_station)チャージングステーション/$が必要です。$(p)各アップグレードの正確な効果はデバイスによって異なり、機械のGUI、または（アイテムの場合）チャージングステーションのアップグレードGUIに記載されています。"
        },
        {
            "type": "crafting",
            "anchor": "volume",
            "recipe": "pneumaticcraft:volume_upgrade",
            "text": "ボリュームアップグレードの作成"
        },
        {
            "type": "crafting",
            "anchor": "dispenser",
            "recipe": "pneumaticcraft:dispenser_upgrade",
            "text": "ディスペンサーアップグレードの作成"
        },
        {
            "type": "crafting",
            "anchor": "inventory",
            "recipe": "pneumaticcraft:inventory_upgrade",
            "text": "インベントリアップグレードの作成"
        },
        {
            "type": "crafting",
            "anchor": "item_life",
            "recipe": "pneumaticcraft:item_life_upgrade",
            "text": "アイテムライフアップグレードの作成"
        },
        {
            "type": "crafting",
            "anchor": "entity_tracker",
            "recipe": "pneumaticcraft:entity_tracker_upgrade",
            "text": "エンティティトラッカーアップグレードの作成"
        },
        {
            "type": "crafting",
            "anchor": "block_tracker",
            "recipe": "pneumaticcraft:block_tracker_upgrade",
            "text": "ブロックトラッカーアップグレードの作成"
        },
        {
            "type": "crafting",
            "anchor": "speed",
            "recipe": "pneumaticcraft:speed_upgrade",
            "text": "スピードアップグレードの作成$(p)$(bold)ヒント：/$$(l:components/lubricant)潤滑油/$入りの$(l:machines/liquid_hopper)リキッドホッパー/$（または他のMODタンク）を使用して、一度に複数のアップグレードをクラフトすることも可能です！"
        },
        {
            "type": "crafting",
            "anchor": "speed2",
            "recipe": "pneumaticcraft:speed_upgrade_from_glycerol",
            "text": "$(l:renewables/glycerol)グリセロール/$による、スピードアップグレードの作成"
        },
        {
            "type": "crafting",
            "anchor": "search",
            "recipe": "pneumaticcraft:search_upgrade",
            "text": "サーチアップグレードの作成"
        },
        {
            "type": "crafting",
            "anchor": "coordinate_tracker",
            "recipe": "pneumaticcraft:coordinate_tracker_upgrade",
            "text": "座標トラッカーアップグレードの作成"
        },
        {
            "type": "crafting",
            "anchor": "range",
            "recipe": "pneumaticcraft:range_upgrade",
            "text": "範囲アップグレードの作成"
        },
        {
            "type": "crafting",
            "anchor": "security",
            "recipe": "pneumaticcraft:security_upgrade",
            "text": "セキュリティアップグレードの作成"
        },
        {
            "type": "crafting",
            "anchor": "magnet",
            "recipe": "pneumaticcraft:magnet_upgrade",
            "text": "マグネットアップグレードの作成"
        },
        {
            "type": "crafting",
            "anchor": "thaumcraft",
            "flag": "mod:thaumcraft",
            "recipe": "pneumaticcraft:thaumcraft_upgrade",
            "text": "Thaumcraftアップグレードの作成"
        },
        {
            "type": "crafting",
            "anchor": "charging",
            "recipe": "pneumaticcraft:charging_upgrade",
            "text": "チャージングアップグレードの作成"
        },
        {
            "type": "crafting",
            "anchor": "armor",
            "recipe": "pneumaticcraft:armor_upgrade",
            "text": "アーマーアップグレードの作成"
        },
        {
            "type": "crafting",
            "anchor": "jet_boots_1",
            "recipe": "pneumaticcraft:jet_boots_upgrade_1",
            "text": "ジェットブーツアップグレード：ティア Iの作成"
        },
        {
            "type": "crafting",
            "anchor": "jet_boots_2",
            "recipe": "pneumaticcraft:jet_boots_upgrade_2",
            "text": "ジェットブーツアップグレード：ティア IIの作成"
        },
        {
            "type": "crafting",
            "anchor": "jet_boots_3",
            "recipe": "pneumaticcraft:jet_boots_upgrade_3",
            "text": "ジェットブーツアップグレード：ティア IIIの作成"
        },
        {
            "type": "crafting",
            "anchor": "jet_boots_4",
            "recipe": "pneumaticcraft:jet_boots_upgrade_4",
            "text": "ジェットブーツアップグレード：ティア IVの作成"
        },
        {
            "type": "crafting",
            "anchor": "jet_boots_5",
            "recipe": "pneumaticcraft:jet_boots_upgrade_5",
            "text": "ジェットブーツアップグレード：ティア Vの作成"
        },
        {
            "type": "crafting",
            "anchor": "jumping_1",
            "recipe": "pneumaticcraft:jumping_upgrade_1",
            "text": "ジャンピングアップグレード：ティア Iの作成"
        },
        {
            "type": "crafting",
            "anchor": "jumping_2",
            "recipe": "pneumaticcraft:jumping_upgrade_2",
            "text": "ジャンピングアップグレード：ティア IIの作成"
        },
        {
            "type": "crafting",
            "anchor": "jumping_3",
            "recipe": "pneumaticcraft:jumping_upgrade_3",
            "text": "ジャンピングアップグレード：ティア IIIの作成"
        },
        {
            "type": "crafting",
            "anchor": "jumping_4",
            "recipe": "pneumaticcraft:jumping_upgrade_4",
            "text": "ジャンピングアップグレード：ティア IVの作成"
        },
        {
            "type": "crafting",
            "anchor": "night_vision",
            "recipe": "pneumaticcraft:night_vision_upgrade",
            "text": "ナイトビジョンアップグレードの作成"
        },
        {
            "type": "crafting",
            "anchor": "scuba",
            "recipe": "pneumaticcraft:scuba_upgrade",
            "text": "スキューバアップグレードの作成"
        },
        {
            "type": "crafting",
            "anchor": "flippers",
            "recipe": "pneumaticcraft:flippers_upgrade",
            "text": "フリッパーアップグレードの作成"
        },
        {
            "type": "crafting",
            "anchor": "standby",
            "recipe": "pneumaticcraft:standby_upgrade",
            "text": "スタンバイアップグレードの作成"
        },
        {
            "type": "crafting",
            "anchor": "minigun",
            "recipe": "pneumaticcraft:minigun_upgrade",
            "text": "ミニガンアップグレードの作成"
        },
        {
            "type": "crafting",
            "flag": "mod:toughasnails",
            "anchor": "air_conditioning",
            "recipe": "pneumaticcraft:air_conditioning_upgrade",
            "text": "エアコンアップグレードの作成"
        },
        {
            "type": "crafting",
            "flag": "mod:mekanism",
            "anchor": "radiation_shielding",
            "recipe": "pneumaticcraft:radiation_shielding_upgrade",
            "text": "放射線遮蔽アップグレードの作成"
        },
        {
            "type": "crafting",
            "anchor": "gilded",
            "recipe": "pneumaticcraft:gilded_upgrade",
            "text": "金メッキアップグレードの作成"
        },
        {
            "type": "crafting",
            "anchor": "ender_visor",
            "recipe": "pneumaticcraft:ender_visor_upgrade",
            "text": "エンダーバイザーアップグレードの作成"
        },
        {
            "type": "crafting",
            "anchor": "stomp",
            "recipe": "pneumaticcraft:stomp_upgrade",
            "text": "ストンプアップグレードの作成"
        }
    ]
}