{
  "name": "サワードウ",
  "icon": "pneumaticcraft:sourdough",
  "category": "pneumaticcraft:renewables",
  "advancement": "pneumaticcraft:yeast_culture",
  "pages": [
    {
      "type": "text",
      "text": "$(thing)サワードウ/$は、$(l:renewables/yeast_culture)イーストカルチャ/$と$(thing)小麦粉/$で作ることができます。$(item)サワードウ/$は、バニラ$(item)ブレッド/$よりも栄養価の高い（そして美味しい）また、$(item)サーモン天ぷら/$に調理することができます。"
    },
    {
      "type": "crafting",
      "recipe": "pneumaticcraft:sourdough",
      "text": "$(italic)You knead this/$"
    },
    {
      "type": "pneumaticcraft:pressure_chamber",
      "recipe": "pneumaticcraft:pressure_chamber/wheat_flour"
    },
    {
      "type": "smelting",
      "recipe": "pneumaticcraft:sourdough_bread"
    },
    {
      "type": "crafting",
      "recipe": "pneumaticcraft:raw_salmon_tempura"
    },
    {
      "type": "pneumaticcraft:thermo_plant",
      "recipe": "pneumaticcraft:thermo_plant/salmon_tempura"
    }
  ]
}