{
  "name": "工業用エアーブロワー",
  "icon": "compressedcreativity:industrial_air_blower",
  "category": "pneumaticcraft:machines",
  "advancement": "pneumaticcraft:pressure_tube",
  "pages": [
    {
      "type": "text",
      "text": "$(item)工業用エアーブロワー$()は、通常のエアーブロワーをより進化させたものです。$(br)より高い圧力に対応し、より速い処理速度に達することができますが、欠点はより高い空気使用量とより短い距離です。$(br2)また、特定の温度では燻製気流を発生させることができるのも特徴です。"
    },
    {
      "type": "text",
      "text": "異なる$(l:pneumaticcraft:industrial_air_blower_meshes)メッシュ$()を搭載することで、その動作を変更することができます。$(br2)デフォルトの工業用エアーブロワーは、100℃を超えると燻製気流を、300℃を超えると製錬気流を発生させます。"
    },
    {
      "type": "crafting",
      "recipe": "compressedcreativity:crafting/industrial_air_blower",
      "text": "$(item)工業用エアーブロワー$()の作成$(br2)"
    }
  ]
}