{
  "name": "スポナーアジテーター",
  "icon": "pneumaticcraft:spawner_agitator",
  "category": "pneumaticcraft:spawning",
  "advancement": "pneumaticcraft:root",
  "pages": [
    {
      "type": "text",
      "text": "バニラの$(item)スポナー/$の上に置くと、この$(item)スポナー/$を$(thing)攪拌/$します。$(li)プレイヤーが近くにいない間もスポーンし続け、$(li)プレイヤーがエリアを離れてもスポーンしたMobがデスポーンするのを防ぎます。$(p)Mobファームは誰のですか？$(p)$(l:logistics/logistics_configurator)ロジスティクスコンフィギュレーター/$で$(thing)スニーク右クリック/$すると、他のアジテーターを削除できます。"
    },
	{
      "type": "text",
      "flag": "mod:apotheosis",
      "title": "Apotheosis",
      "text": "$(thing)Apotheosis/$は、バニラスポナーの強力なカスタマイズを追加するMODです。スポナーアジテーターがそれらと完全に相互作用できないほど、スポナーの内部を変更します。Apotheosisがインストールされている場合、スポナーアジテーターの機能はプレイヤーが遠くにいるときにMobがデスポーンするのを防ぐことに限定されます。"
    },
    {
      "type": "crafting",
      "text": "スポナーアジテーターを作成",
      "recipe": "pneumaticcraft:spawner_agitator"
    }
  ]
}
